RB3201 ,49
RB3202 ,49
RB3203 ,44
RB3205 ,53
RB3206 ,50
RB3207 ,29
RB3208 ,29
RB3209 ,29
RB3210 ,51
RB3211 ,50
RB3301 ,62
RB3302 ,62
RB3303 ,27
RB3304 ,50
RB3305 ,50
RB3306 ,30
RB3307 ,29
RB3308 ,29
RB3309 ,48
RB3310 ,50
RB3401 ,48
RB3402 ,48
RB3403 ,49
RB3405 ,48
RB3406 ,50
RB3407 ,41
RB3408 ,41
RB3409 ,41
RB3410 ,49
RB3411 ,49
RB5101 ,88
RB5102 ,58
RB5103 ,58
RB5104 ,58
RB5105 ,55
RB5108 ,51
RB5201 ,88
RB5202 ,30
RB5203 ,30
RB5204 ,28
RB5205 ,30
RB5206 ,40
RB5207 ,29
RB5208 ,57
RB5209 ,57
RB5210 ,53
RB5301 ,88
RB5302 ,48
RB5303 ,29
RB5304 ,29
RB5305 ,31
RB5306 ,28
RB5307 ,28
RB5308 ,83
RB5309 ,55
RB5310 ,54
RB5401 ,88
RB5402 ,28
RB5403 ,28
RB5404 ,32
RB5405 ,50
RB5406 ,50
RB5407 ,28
RB5408 ,27
RB5409 ,28
RB5410 ,30
RB5411 ,20
RB5412 ,28
